,Index,LastValue,BestValue,Time,LastProtein,BestProtein
0,0.0,-54.43000030517578,-54.43000030517578,9.816701889038086,NRMLKPYRWDE,NRMLKPYRWDE
1,1.0,-70.43000030517578,-70.43000030517578,4.6209306716918945,HICAGFWHMPI,HICAGFWHMPI
2,2.0,-73.08000183105469,-73.08000183105469,4.583270788192749,CFGANILMGIL,CFGANILMGIL
3,3.0,-51.560001373291016,-73.08000183105469,4.62431001663208,VVPQNWNERRK,CFGANILMGIL
4,4.0,-56.470001220703125,-73.08000183105469,4.753461599349976,QKMKSFAFYPC,CFGANILMGIL
5,5.0,-61.91999816894531,-73.08000183105469,4.6023268699646,FQNTWSFCSIR,CFGANILMGIL
6,6.0,-63.810001373291016,-73.08000183105469,4.757375001907349,QCSMFFLPVRS,CFGANILMGIL
7,7.0,-64.80999755859375,-73.08000183105469,4.65430212020874,TPIQWNLFLGG,CFGANILMGIL
8,8.0,-52.72999954223633,-73.08000183105469,4.667932748794556,APERHRGFNDK,CFGANILMGIL
9,9.0,-55.0099983215332,-73.08000183105469,4.797516822814941,PNAGELSTCWT,CFGANILMGIL
10,10.0,-65.02999877929688,-73.08000183105469,4.7739739418029785,DGHILEGHVCI,CFGANILMGIL
11,11.0,-49.27000045776367,-73.08000183105469,4.934996843338013,TDKTHPEVYTR,CFGANILMGIL
12,12.0,-65.6500015258789,-73.08000183105469,4.608431816101074,HFQMLTLHTRN,CFGANILMGIL
13,13.0,-62.150001525878906,-73.08000183105469,4.5732715129852295,NSLEWHVDQFP,CFGANILMGIL
14,14.0,-57.11000061035156,-73.08000183105469,4.577873706817627,MGVQYIQHIWS,CFGANILMGIL
15,15.0,-53.31999969482422,-73.08000183105469,4.736277103424072,NEQTNQRIQVH,CFGANILMGIL
16,16.0,-67.56999969482422,-73.08000183105469,4.595108270645142,FWGDQLIYWGK,CFGANILMGIL
17,17.0,-61.95000076293945,-73.08000183105469,5.025196075439453,SAVYVQEGNIM,CFGANILMGIL
18,18.0,-63.380001068115234,-73.08000183105469,4.958242654800415,MYYHPGHAFVN,CFGANILMGIL
19,19.0,-64.12999725341797,-73.08000183105469,4.5477135181427,RTMRPGGCIAF,CFGANILMGIL
