,Index,LastValue,BestValue,Time,LastProtein,BestProtein
0,0.0,-60.970001220703125,-60.970001220703125,4.5026538372039795,RRLTDHHVQAL,RRLTDHHVQAL
1,1.0,-62.310001373291016,-62.310001373291016,4.496429443359375,QVISRRFAYGL,QVISRRFAYGL
2,2.0,-51.63999938964844,-62.310001373291016,4.5619797706604,PNNSPEHMSFR,QVISRRFAYGL
3,3.0,-57.33000183105469,-62.310001373291016,4.479750156402588,KLPWTQKIGWA,QVISRRFAYGL
4,4.0,-60.95000076293945,-62.310001373291016,4.990236520767212,RFEATCTCFIS,QVISRRFAYGL
5,5.0,-49.90999984741211,-62.310001373291016,4.4553327560424805,PGKMRGEWSKC,QVISRRFAYGL
6,6.0,-59.880001068115234,-62.310001373291016,4.349954605102539,PQMSYLQIDGS,QVISRRFAYGL
7,7.0,-66.94000244140625,-66.94000244140625,4.437273263931274,WPYMDTLRIQT,WPYMDTLRIQT
8,8.0,-60.91999816894531,-66.94000244140625,4.442331075668335,NQWHGNSVYEM,WPYMDTLRIQT
9,9.0,-61.86000061035156,-66.94000244140625,4.45252251625061,QPKLVHWDPGG,WPYMDTLRIQT
10,10.0,-50.13999938964844,-66.94000244140625,4.5952935218811035,GTGEDHAAAGM,WPYMDTLRIQT
11,11.0,-65.44000244140625,-66.94000244140625,5.169752597808838,GMSELLHFTLV,WPYMDTLRIQT
12,12.0,-60.31999969482422,-66.94000244140625,4.540781259536743,CTARWCMLCHA,WPYMDTLRIQT
13,13.0,-61.93000030517578,-66.94000244140625,4.665170907974243,WQDFFSKMLRT,WPYMDTLRIQT
14,14.0,-62.5,-66.94000244140625,4.430110216140747,LWPRFPGCCNQ,WPYMDTLRIQT
15,15.0,-52.16999816894531,-66.94000244140625,4.581827878952026,QRACCWRCATP,WPYMDTLRIQT
16,16.0,-56.189998626708984,-66.94000244140625,4.954512357711792,QDFNTMVCRFR,WPYMDTLRIQT
17,17.0,-49.7599983215332,-66.94000244140625,4.685838937759399,TNNHDRWDRNQ,WPYMDTLRIQT
18,18.0,-56.029998779296875,-66.94000244140625,4.473666429519653,SSKPPEHFEFF,WPYMDTLRIQT
19,19.0,-58.59000015258789,-66.94000244140625,5.3596718311309814,SLQCGYQDAEL,WPYMDTLRIQT
